Steps,Policy/Entropy,Policy/Extrinsic Value Estimate,Environment/Cumulative Reward,Environment/Episode Length,Policy/Extrinsic Reward
2310000,0.86851096,1.2318044,10.869583391904598,787.0,10.869583522280058
2320000,0.85070497,1.2311726,18.58212509934674,1273.0,18.58212523534894
2330000,0.8538601,1.2664255,21.074666777800303,1424.0,21.074666475877166
2340000,0.8441865,1.2741221,12.425416732866628,864.3333333333334,12.425416611755887
