Steps,Policy/Entropy,Policy/Extrinsic Value Estimate,Environment/Cumulative Reward,Environment/Episode Length,Policy/Extrinsic Reward
11570000,1.1012411,1.849013,27.180000286898576,1477.0,27.17999953776598
11580000,1.1011988,1.8159869,22.650200218427926,1072.4,22.65019898787141
