Steps,Policy/Entropy,Policy/Extrinsic Value Estimate,Environment/Cumulative Reward,Environment/Episode Length,Policy/Extrinsic Reward
1940000,1.0950576,1.0503054,7.7200000492963365,603.1538461538462,7.7199999667130985
1950000,1.1152878,1.0436331,6.758300042204792,546.95,6.7583000279963015
1960000,1.1021671,1.0466328,7.867066714485797,616.0,7.867066754897436
1970000,1.0918685,0.9988249,5.829000037378864,487.9,5.828999941237271
1980000,1.086755,1.063464,10.997076990844038,811.4615384615385,10.99707679823041
1990000,1.1011266,1.021543,5.613142892989951,466.2857142857143,5.613142874801443
2000000,1.1102284,1.0542666,8.954923131171828,696.0,8.954923128852478
